student000,,Florian,,Hart,,,,female,student000,0001,White,English,Arlington,US
student001,,Peg,,Jorgensen,,,,male,student001,0002,White,English,Arlington,US
student002,,Sherm,,Sullivan,,,,male,student002,0003,White,English,Arlington,US
student003,,Piotr,,Cooper,,,,female,student003,0004,White,English,Arlington,US
student004,,Piotr,,Bradley,,,,male,student004,0005,White,English,Arlington,US
student005,,Miriam,,Petersen,,,,male,student005,0006,White,English,Arlington,US
student006,,Kimmy,,Ellis,,,,female,student006,0007,White,English,Arlington,US
student007,,Emily,,Terry,,,,male,student007,0008,White,English,Arlington,US
student008,,Rick,,Hunt,,,,female,student008,0009,White,English,Arlington,US
student009,,Magnus,,Parks,,,,male,student009,0010,White,English,Arlington,US
student010,,Ted,,Barrett,,,,female,student010,0011,White,English,Arlington,US
student011,,Teddy,,Lynch,,,,female,student011,0012,White,English,Arlington,US
student012,,Nicolas,,Marshall,,,,male,student012,0013,White,English,Arlington,US
student013,,Sophie,,Dixon,,,,female,student013,0014,White,English,Arlington,US
student014,,Kaylee,,Fernandez,,,,female,student014,0015,White,English,Arlington,US
student015,,Katie,,Brown,,,,male,student015,0016,White,English,Arlington,US
student016,,Bengie,,Grant,,,,male,student016,0017,White,English,Arlington,US
student017,,Mary,,Pearson,,,,male,student017,0018,White,English,Arlington,US
student018,,Lotte,,Renard,,,,male,student018,0019,White,English,Arlington,US
student019,,Ana,,Norris,,,,female,student019,0020,White,English,Arlington,US
student020,,Andrew,,Hill,,,,female,student020,0021,White,English,Arlington,US
student021,,Al,,Pierce,,,,female,student021,0022,White,English,Arlington,US
student022,,Lea,,Madsen,,,,female,student022,0023,White,English,Arlington,US
student023,,Dylan,,Rhodes,,,,female,student023,0024,White,English,Arlington,US
student024,,Olivia,,Levi,,,,male,student024,0025,White,English,Arlington,US
student025,,Jill,,Jenkins,,,,male,student025,0026,White,English,Arlington,US
student026,,Daniel,,Webb,,,,female,student026,0027,White,English,Arlington,US
student027,,Christopher,,Richards,,,,female,student027,0028,White,English,Arlington,US
student028,,Ashley,,Moore,,,,female,student028,0029,White,English,Arlington,US
student029,,Hannah,,Andersen,,,,female,student029,0030,White,English,Arlington,US
student030,,Lukas,,Harrison,,,,male,student030,0031,White,English,Arlington,US
student031,,Wilma,,Vaughn,,,,female,student031,0032,White,English,Arlington,US
student032,,Leonie,,Peters,,,,female,student032,0033,White,English,Arlington,US
student033,,Erin,,Maes,,,,female,student033,0034,White,English,Arlington,US
student034,,Alejandro,,Janssens,,,,female,student034,0035,White,English,Arlington,US
student035,,Emily,,O'Connor,,,,male,student035,0036,White,English,Arlington,US
student036,,Krzysztof,,Bishop,,,,female,student036,0037,White,English,Arlington,US
student037,,Niklas,,Christensen,,,,female,student037,0038,White,English,Arlington,US
student038,,Daan,,Terry,,,,female,student038,0039,White,English,Arlington,US
student039,,Isabel,,Burke,,,,female,student039,0040,White,English,Arlington,US
student040,,Dave,,Rodriquez,,,,male,student040,0041,White,English,Arlington,US
student041,,Aoife,,Price,,,,male,student041,0042,White,English,Arlington,US
student042,,Steph,,Graham,,,,male,student042,0043,White,English,Arlington,US
student043,,Frederik,,Horton,,,,female,student043,0044,White,English,Arlington,US
student044,,Elena,,Holland,,,,male,student044,0045,White,English,Arlington,US
student045,,Camilla,,Reid,,,,male,student045,0046,White,English,Arlington,US
student046,,Lewis,,Gregory,,,,male,student046,0047,White,English,Arlington,US
student047,,Fabian,,Jackson,,,,female,student047,0048,White,English,Arlington,US
student048,,Lu,,O'Reilly,,,,female,student048,0049,White,English,Arlington,US
student049,,Matthew,,Jorgensen,,,,male,student049,0050,White,English,Arlington,US
student050,,Hugo,,Andersen,,,,female,student050,0051,White,English,Arlington,US
student051,,Liam,,Greene,,,,female,student051,0052,White,English,Arlington,US
student052,,Tobias,,Beck,,,,female,student052,0053,White,English,Arlington,US
student053,,Christopher,,Mitchell,,,,female,student053,0054,White,English,Arlington,US
student054,,Theodore,,Bush,,,,female,student054,0055,White,English,Arlington,US
student055,,Sammy,,Leclercq,,,,female,student055,0056,White,English,Arlington,US
student056,,Alexis,,Levi,,,,male,student056,0057,White,English,Arlington,US
student057,,Jim,,Miles,,,,female,student057,0058,White,English,Arlington,US
student058,,Margaret,,Bowman,,,,male,student058,0059,White,English,Arlington,US
student059,,Sherman,,Gallagher,,,,female,student059,0060,White,English,Arlington,US
student060,,Frederik,,Nguyen,,,,female,student060,0061,White,English,Arlington,US
student061,,Ivan,,Hernandez,,,,male,student061,0062,White,English,Arlington,US
student062,,Mick,,Dubois,,,,male,student062,0063,White,English,Arlington,US
student063,,Piotr,,Oliver,,,,male,student063,0064,White,English,Arlington,US
student064,,Nicholas,,Stevens,,,,male,student064,0065,White,English,Arlington,US
student065,,Eleanor,,Poulsen,,,,female,student065,0066,White,English,Arlington,US
student066,,Johnny,,Mason,,,,male,student066,0067,White,English,Arlington,US
student067,,Jose,,Morales,,,,male,student067,0068,White,English,Arlington,US
student068,,Nicky,,Morrison,,,,female,student068,0069,White,English,Arlington,US
student069,,Maximilian,,Kelly,,,,female,student069,0070,White,English,Arlington,US
student070,,Joey,,Reed,,,,female,student070,0071,White,English,Arlington,US
student071,,Steve,,Ferguson,,,,female,student071,0072,White,English,Arlington,US
student072,,Vanessa,,Lane,,,,female,student072,0073,White,English,Arlington,US
student073,,Marty,,Willis,,,,male,student073,0074,White,English,Arlington,US
student074,,Hannah,,Hicks,,,,male,student074,0075,White,English,Arlington,US
student075,,Daniel,,Rogers,,,,male,student075,0076,White,English,Arlington,US
student076,,Alejandro,,Bishop,,,,male,student076,0077,White,English,Arlington,US
student077,,Jeanette,,Nichols,,,,male,student077,0078,White,English,Arlington,US
student078,,Geoff,,White,,,,male,student078,0079,White,English,Arlington,US
student079,,Andrew,,Vargas,,,,female,student079,0080,White,English,Arlington,US
student080,,Nick,,Kelly,,,,female,student080,0081,White,English,Arlington,US
student081,,Nicolas,,Medina,,,,female,student081,0082,White,English,Arlington,US
student082,,Ed,,Knight,,,,male,student082,0083,White,English,Arlington,US
student083,,Cristian,,Fleming,,,,male,student083,0084,White,English,Arlington,US
student084,,Kim,,Bishop,,,,male,student084,0085,White,English,Arlington,US
student085,,Nicolas,,Lejeune,,,,female,student085,0086,White,English,Arlington,US
student086,,Tyler,,Perry,,,,female,student086,0087,White,English,Arlington,US
student087,,Nicolas,,Edwards,,,,female,student087,0088,White,English,Arlington,US
student088,,Aoife,,Bailey,,,,male,student088,0089,White,English,Arlington,US
student089,,Diego,,Shaw,,,,male,student089,0090,White,English,Arlington,US
student090,,Madison,,Sanchez,,,,male,student090,0091,White,English,Arlington,US
student091,,Jose,,Parker,,,,female,student091,0092,White,English,Arlington,US
student092,,Max,,Nichols,,,,male,student092,0093,White,English,Arlington,US
student093,,Daan,,White,,,,male,student093,0094,White,English,Arlington,US
student094,,Herb,,Carter,,,,female,student094,0095,White,English,Arlington,US
student095,,Scotty,,Patterson,,,,male,student095,0096,White,English,Arlington,US
student096,,Geoffery,,Jorgensen,,,,female,student096,0097,White,English,Arlington,US
student097,,Peggy,,Douglas,,,,female,student097,0098,White,English,Arlington,US
student098,,Willy,,Stewart,,,,female,student098,0099,White,English,Arlington,US
student099,,Maggie,,Jennings,,,,male,student099,0100,White,English,Arlington,US
student100,,Nathan,,Bell,,,,female,student100,0101,White,English,Arlington,US
student101,,Max,,Elliott,,,,male,student101,0102,White,English,Arlington,US
student102,,Dick,,Vaughn,,,,female,student102,0103,White,English,Arlington,US
student103,,Taylor,,O'Sullivan,,,,female,student103,0104,White,English,Arlington,US
student104,,Tara,,Cook,,,,male,student104,0105,White,English,Arlington,US
student105,,Emil,,Mortensen,,,,male,student105,0106,White,English,Arlington,US
student106,,Chuck,,Lambert,,,,male,student106,0107,White,English,Arlington,US
student107,,Tobias,,Gomez,,,,male,student107,0108,White,English,Arlington,US
student108,,Jo,,Renard,,,,male,student108,0109,White,English,Arlington,US
student109,,Cecilie,,Ellis,,,,male,student109,0110,White,English,Arlington,US
student110,,Jeanette,,Harper,,,,male,student110,0111,White,English,Arlington,US
student111,,Joanne,,Simon,,,,male,student111,0112,White,English,Arlington,US
student112,,Elena,,Powell,,,,female,student112,0113,White,English,Arlington,US
student113,,Bram,,Wright,,,,male,student113,0114,White,English,Arlington,US
student114,,Scotty,,Sullivan,,,,male,student114,0115,White,English,Arlington,US
student115,,Eleanor,,West,,,,male,student115,0116,White,English,Arlington,US
student116,,Klara,,White,,,,male,student116,0117,White,English,Arlington,US
student117,,Gillian,,Davies,,,,female,student117,0118,White,English,Arlington,US
student118,,Sergio,,Sanchez,,,,female,student118,0119,White,English,Arlington,US
student119,,Christian,,Alexander,,,,female,student119,0120,White,English,Arlington,US
student120,,Nicky,,Spencer,,,,male,student120,0121,White,English,Arlington,US
student121,,Freja,,Lawson,,,,male,student121,0122,White,English,Arlington,US
student122,,Sammy,,Rogers,,,,female,student122,0123,White,English,Arlington,US
student123,,Jesse,,Garza,,,,female,student123,0124,White,English,Arlington,US
student124,,Carla,,Mueller,,,,female,student124,0125,White,English,Arlington,US
student125,,Edward,,Beck,,,,female,student125,0126,White,English,Arlington,US
student126,,Madison,,Bishop,,,,male,student126,0127,White,English,Arlington,US
student127,,Sean,,Greene,,,,female,student127,0128,White,English,Arlington,US
student128,,Joe,,Morales,,,,male,student128,0129,White,English,Arlington,US
student129,,Helen,,Douglas,,,,female,student129,0130,White,English,Arlington,US
student130,,Janet,,Fletcher,,,,female,student130,0131,White,English,Arlington,US
student131,,Tim,,Willis,,,,female,student131,0132,White,English,Arlington,US
student132,,Francisco,,Taylor,,,,female,student132,0133,White,English,Arlington,US
student133,,Margarita,,Cooper,,,,female,student133,0134,White,English,Arlington,US
student134,,Sem,,Castro,,,,female,student134,0135,White,English,Arlington,US
student135,,Oscar,,Ellis,,,,female,student135,0136,White,English,Arlington,US
student136,,Nathan,,Powell,,,,female,student136,0137,White,English,Arlington,US
student137,,Philippa,,Santiago,,,,male,student137,0138,White,English,Arlington,US
student138,,David,,Rhodes,,,,female,student138,0139,White,English,Arlington,US
student139,,Emil,,Williams,,,,female,student139,0140,White,English,Arlington,US
student140,,Harry,,Campbell,,,,female,student140,0141,White,English,Arlington,US
student141,,Samantha,,Chavez,,,,male,student141,0142,White,English,Arlington,US
student142,,Ashley,,Sullivan,,,,female,student142,0143,White,English,Arlington,US
student143,,Stanislaw,,Cox,,,,female,student143,0144,White,English,Arlington,US
student144,,Jose,,Christiansen,,,,female,student144,0145,White,English,Arlington,US
student145,,Agnieszka,,Hamilton,,,,male,student145,0146,White,English,Arlington,US
student146,,Theodore,,Gibson,,,,male,student146,0147,White,English,Arlington,US
student147,,Caroline,,Soto,,,,male,student147,0148,White,English,Arlington,US
student148,,Andrzej,,Carlson,,,,female,student148,0149,White,English,Arlington,US
student149,,Margaret,,Dumont,,,,male,student149,0150,White,English,Arlington,US
student150,,Ciara,,Cooper,,,,female,student150,0151,White,English,Arlington,US
student151,,Mick,,Ramirez,,,,male,student151,0152,White,English,Arlington,US
student152,,Isabel,,Moreno,,,,male,student152,0153,White,English,Arlington,US
student153,,Cath,,Newman,,,,male,student153,0154,White,English,Arlington,US
student154,,Bill,,Andersen,,,,male,student154,0155,White,English,Arlington,US
student155,,Florian,,Santiago,,,,female,student155,0156,White,English,Arlington,US
student156,,Kaylee,,Lynch,,,,male,student156,0157,White,English,Arlington,US
student157,,Charles,,Fowler,,,,female,student157,0158,White,English,Arlington,US
student158,,Nicholas,,Mason,,,,female,student158,0159,White,English,Arlington,US
student159,,Hugo,,Craig,,,,male,student159,0160,White,English,Arlington,US
student160,,Jim,,Pearson,,,,female,student160,0161,White,English,Arlington,US
student161,,Andrzej,,Graham,,,,male,student161,0162,White,English,Arlington,US
student162,,Lu,,Kelly,,,,female,student162,0163,White,English,Arlington,US
student163,,Jace,,Castillo,,,,male,student163,0164,White,English,Arlington,US
student164,,Pete,,Phillips,,,,female,student164,0165,White,English,Arlington,US
student165,,Christopher,,Olsen,,,,male,student165,0166,White,English,Arlington,US
student166,,Daniela,,Schulz,,,,male,student166,0167,White,English,Arlington,US
student167,,Katarzyna,,O'Connor,,,,male,student167,0168,White,English,Arlington,US
student168,,Mary,,Robinson,,,,female,student168,0169,White,English,Arlington,US
student169,,Dave,,King,,,,male,student169,0170,White,English,Arlington,US
student170,,Eleanor,,Johansen,,,,female,student170,0171,White,English,Arlington,US
student171,,Amy,,Harper,,,,male,student171,0172,White,English,Arlington,US
student172,,Albert,,Ellis,,,,male,student172,0173,White,English,Arlington,US
student173,,Camila,,Gutierrez,,,,male,student173,0174,White,English,Arlington,US
student174,,Nate,,Simon,,,,female,student174,0175,White,English,Arlington,US
student175,,Bess,,Jensen,,,,male,student175,0176,White,English,Arlington,US
student176,,Trevor,,O'Reilly,,,,male,student176,0177,White,English,Arlington,US
student177,,Cathy,,Boyd,,,,female,student177,0178,White,English,Arlington,US
student178,,Cathy,,Stephens,,,,male,student178,0179,White,English,Arlington,US
student179,,Camilla,,Maes,,,,male,student179,0180,White,English,Arlington,US
student180,,Victor,,Mortensen,,,,male,student180,0181,White,English,Arlington,US
student181,,Ted,,Hart,,,,female,student181,0182,White,English,Arlington,US
student182,,Javier,,Harris,,,,female,student182,0183,White,English,Arlington,US
student183,,Betty,,Bryant,,,,female,student183,0184,White,English,Arlington,US
student184,,Willy,,Weber,,,,female,student184,0185,White,English,Arlington,US
student185,,Carolina,,O'Brien,,,,male,student185,0186,White,English,Arlington,US
student186,,Carlos,,Nguyen,,,,female,student186,0187,White,English,Arlington,US
student187,,Stephen,,Rhodes,,,,male,student187,0188,White,English,Arlington,US
student188,,Thelma,,Ortiz,,,,male,student188,0189,White,English,Arlington,US
student189,,Camilla,,Evans,,,,female,student189,0190,White,English,Arlington,US
student190,,Bess,,Alexander,,,,male,student190,0191,White,English,Arlington,US
student191,,Stephanie,,Gonzales,,,,female,student191,0192,White,English,Arlington,US
student192,,Andrzej,,Olsen,,,,male,student192,0193,White,English,Arlington,US
student193,,Cristian,,Burton,,,,female,student193,0194,White,English,Arlington,US
student194,,Alvaro,,Reynolds,,,,female,student194,0195,White,English,Arlington,US
student195,,Zoe,,Becker,,,,female,student195,0196,White,English,Arlington,US
student196,,Nerea,,Ryan,,,,male,student196,0197,White,English,Arlington,US
student197,,Jamie,,Stephens,,,,female,student197,0198,White,English,Arlington,US
student198,,Claudia,,West,,,,female,student198,0199,White,English,Arlington,US
student199,,Milan,,Hanson,,,,female,student199,0200,White,English,Arlington,US
student200,,Dorothy,,Santos,,,,female,student200,0201,White,English,Arlington,US
student201,,Megan,,Montgomery,,,,female,student201,0202,White,English,Arlington,US
student202,,Isak,,Hart,,,,female,student202,0203,White,English,Arlington,US
student203,,Lea,,Rasmussen,,,,female,student203,0204,White,English,Arlington,US
student204,,Hugo,,Armstrong,,,,female,student204,0205,White,English,Arlington,US
student205,,Lea,,Bryant,,,,male,student205,0206,White,English,Arlington,US
student206,,Drew,,Arnold,,,,female,student206,0207,White,English,Arlington,US
student207,,Christopher,,Brown,,,,male,student207,0208,White,English,Arlington,US
student208,,Marcin,,Marshall,,,,female,student208,0209,White,English,Arlington,US
student209,,Sam,,Price,,,,male,student209,0210,White,English,Arlington,US
student210,,Wilma,,Sutton,,,,male,student210,0211,White,English,Arlington,US
student211,,Ainhoa,,Burke,,,,male,student211,0212,White,English,Arlington,US
student212,,Vanessa,,Garza,,,,male,student212,0213,White,English,Arlington,US
student213,,Iris,,Hawkins,,,,male,student213,0214,White,English,Arlington,US
student214,,Janet,,Carroll,,,,male,student214,0215,White,English,Arlington,US
student215,,Leonie,,Lee,,,,female,student215,0216,White,English,Arlington,US
student216,,Katie,,Garrett,,,,male,student216,0217,White,English,Arlington,US
student217,,Zofia,,Nguyen,,,,female,student217,0218,White,English,Arlington,US
student218,,Isabelle,,Fox,,,,female,student218,0219,White,English,Arlington,US
student219,,Michael,,Hill,,,,male,student219,0220,White,English,Arlington,US
student220,,Lea,,Hunt,,,,female,student220,0221,White,English,Arlington,US
student221,,Luca,,Carter,,,,male,student221,0222,White,English,Arlington,US
student222,,Jeffery,,Holt,,,,male,student222,0223,White,English,Arlington,US
student223,,Lizzy,,Murray,,,,female,student223,0224,White,English,Arlington,US
student224,,Ross,,Turner,,,,female,student224,0225,White,English,Arlington,US
student225,,Lotte,,Carter,,,,female,student225,0226,White,English,Arlington,US
student226,,Rachel,,Renard,,,,male,student226,0227,White,English,Arlington,US
student227,,Eleanor,,Lowe,,,,male,student227,0228,White,English,Arlington,US
student228,,Andy,,Alvarez,,,,male,student228,0229,White,English,Arlington,US
student229,,Ashley,,Martin,,,,male,student229,0230,White,English,Arlington,US
student230,,Amy,,Thompson,,,,male,student230,0231,White,English,Arlington,US
student231,,Piotr,,Fuller,,,,female,student231,0232,White,English,Arlington,US
student232,,Jozef,,Ferguson,,,,female,student232,0233,White,English,Arlington,US
student233,,Trevor,,Wade,,,,female,student233,0234,White,English,Arlington,US
student234,,Sara,,Coleman,,,,male,student234,0235,White,English,Arlington,US
student235,,Viktor,,Gallagher,,,,female,student235,0236,White,English,Arlington,US
student236,,Tony,,Cox,,,,male,student236,0237,White,English,Arlington,US
student237,,Betty,,Porter,,,,female,student237,0238,White,English,Arlington,US
student238,,Theodore,,Lowe,,,,male,student238,0239,White,English,Arlington,US
student239,,Theodore,,Nielsen,,,,male,student239,0240,White,English,Arlington,US
student240,,John,,Cole,,,,male,student240,0241,White,English,Arlington,US
student241,,Theodore,,Olson,,,,male,student241,0242,White,English,Arlington,US
student242,,Jaclyn,,Griffin,,,,female,student242,0243,White,English,Arlington,US
student243,,Lara,,Gilbert,,,,male,student243,0244,White,English,Arlington,US
student244,,Louise,,Hopkins,,,,female,student244,0245,White,English,Arlington,US
student245,,Liam,,Cooper,,,,male,student245,0246,White,English,Arlington,US
student246,,Lukas,,Cruz,,,,male,student246,0247,White,English,Arlington,US
student247,,Karin,,Chambers,,,,male,student247,0248,White,English,Arlington,US
student248,,Edwyn,,King,,,,male,student248,0249,White,English,Arlington,US
student249,,Pedro,,Holland,,,,female,student249,0250,White,English,Arlington,US
student250,,Hannah,,West,,,,female,student250,0251,White,English,Arlington,US
student251,,Katharina,,Ortiz,,,,female,student251,0252,White,English,Arlington,US
student252,,Amy,,Ramirez,,,,male,student252,0253,White,English,Arlington,US
student253,,Benjamin,,Wilson,,,,female,student253,0254,White,English,Arlington,US
student254,,Ashley,,Hall,,,,female,student254,0255,White,English,Arlington,US
student255,,Frederik,,Lane,,,,male,student255,0256,White,English,Arlington,US
student256,,Liam,,O'Doherty,,,,male,student256,0257,White,English,Arlington,US
student257,,Theodore,,Rodriguez,,,,male,student257,0258,White,English,Arlington,US
student258,,Pedro,,Peterson,,,,female,student258,0259,White,English,Arlington,US
student259,,Jane,,Howell,,,,female,student259,0260,White,English,Arlington,US
student260,,Anne,,Curry,,,,male,student260,0261,White,English,Arlington,US
student261,,Sam,,Schneider,,,,male,student261,0262,White,English,Arlington,US
student262,,Nigel,,Diaz,,,,female,student262,0263,White,English,Arlington,US
student263,,Lizzy,,Hoffman,,,,male,student263,0264,White,English,Arlington,US
student264,,Cath,,Parker,,,,female,student264,0265,White,English,Arlington,US
student265,,Chloe,,Ortiz,,,,male,student265,0266,White,English,Arlington,US
student266,,Ruth,,Neal,,,,male,student266,0267,White,English,Arlington,US
student267,,Hiram,,O'Sullivan,,,,male,student267,0268,White,English,Arlington,US
student268,,Amber,,Mendoza,,,,male,student268,0269,White,English,Arlington,US
student269,,Nicholas,,Carr,,,,female,student269,0270,White,English,Arlington,US
student270,,Andrzej,,Nelson,,,,male,student270,0271,White,English,Arlington,US
student271,,Tyler,,Ortiz,,,,male,student271,0272,White,English,Arlington,US
student272,,Sydney,,Gregory,,,,female,student272,0273,White,English,Arlington,US
student273,,Simon,,Dubois,,,,male,student273,0274,White,English,Arlington,US
student274,,Mikkel,,Fischer,,,,female,student274,0275,White,English,Arlington,US
student275,,Nathan,,Edwards,,,,female,student275,0276,White,English,Arlington,US
student276,,Alexander,,Foster,,,,female,student276,0277,White,English,Arlington,US
student277,,Tara,,Bates,,,,female,student277,0278,White,English,Arlington,US
student278,,Jozef,,Johnson,,,,male,student278,0279,White,English,Arlington,US
student279,,Femke,,Daniels,,,,male,student279,0280,White,English,Arlington,US
student280,,Kim,,Cunningham,,,,male,student280,0281,White,English,Arlington,US
student281,,Milan,,Holland,,,,male,student281,0282,White,English,Arlington,US
student282,,Tomasz,,Wagner,,,,male,student282,0283,White,English,Arlington,US
student283,,Lara,,Reyes,,,,female,student283,0284,White,English,Arlington,US
student284,,Iris,,Montgomery,,,,male,student284,0285,White,English,Arlington,US
student285,,Ashley,,Foster,,,,male,student285,0286,White,English,Arlington,US
student286,,Nathan,,Nichols,,,,male,student286,0287,White,English,Arlington,US
student287,,Charlie,,Rasmussen,,,,female,student287,0288,White,English,Arlington,US
student288,,Joe,,Graham,,,,female,student288,0289,White,English,Arlington,US
student289,,Charles,,Black,,,,male,student289,0290,White,English,Arlington,US
student290,,Linnea,,Hansen,,,,male,student290,0291,White,English,Arlington,US
student291,,Isaac,,Owens,,,,female,student291,0292,White,English,Arlington,US
student292,,Jim,,Day,,,,male,student292,0293,White,English,Arlington,US
student293,,Pedro,,Quinn,,,,male,student293,0294,White,English,Arlington,US
student294,,Bill,,Goossens,,,,male,student294,0295,White,English,Arlington,US
student295,,Jose,,Laurent,,,,female,student295,0296,White,English,Arlington,US
student296,,Lucia,,Sims,,,,male,student296,0297,White,English,Arlington,US
student297,,Sophie,,Hayes,,,,male,student297,0298,White,English,Arlington,US
student298,,Jessica,,Neal,,,,female,student298,0299,White,English,Arlington,US
student299,,Alvaro,,Gonzalez,,,,female,student299,0300,White,English,Arlington,US
student300,,Victor,,Fleming,,,,female,student300,0301,White,English,Arlington,US
student301,,Lucas,,King,,,,male,student301,0302,White,English,Arlington,US
student302,,Camila,,Fischer,,,,female,student302,0303,White,English,Arlington,US
student303,,Fabian,,Long,,,,male,student303,0304,White,English,Arlington,US
student304,,Piotr,,Hunter,,,,male,student304,0305,White,English,Arlington,US
student305,,Sam,,"De los Santos",,,,female,student305,0306,White,English,Arlington,US
student306,,Paula,,Christensen,,,,male,student306,0307,White,English,Arlington,US
student307,,Cecilie,,Watson,,,,male,student307,0308,White,English,Arlington,US
student308,,Charles,,Simon,,,,male,student308,0309,White,English,Arlington,US
student309,,Lauren,,Ramos,,,,female,student309,0310,White,English,Arlington,US
student310,,Andy,,Porter,,,,female,student310,0311,White,English,Arlington,US
student311,,Lewis,,"De los Santos",,,,female,student311,0312,White,English,Arlington,US
student312,,Daniel,,Johnston,,,,female,student312,0313,White,English,Arlington,US
student313,,Katharina,,Nichols,,,,male,student313,0314,White,English,Arlington,US
student314,,Kay,,Turner,,,,male,student314,0315,White,English,Arlington,US
student315,,Samantha,,Garcia,,,,male,student315,0316,White,English,Arlington,US
student316,,Ewa,,Santiago,,,,male,student316,0317,White,English,Arlington,US
student317,,Andrea,,Nielsen,,,,male,student317,0318,White,English,Arlington,US
student318,,Sam,,Garcia,,,,male,student318,0319,White,English,Arlington,US
student319,,Matthew,,Crawford,,,,male,student319,0320,White,English,Arlington,US
student320,,Florian,,Baker,,,,male,student320,0321,White,English,Arlington,US
student321,,Lukas,,O'Sullivan,,,,female,student321,0322,White,English,Arlington,US
student322,,Willy,,Lambert,,,,male,student322,0323,White,English,Arlington,US
student323,,Sid,,Holmes,,,,male,student323,0324,White,English,Arlington,US
student324,,Leon,,Fields,,,,male,student324,0325,White,English,Arlington,US
student325,,Christian,,Montgomery,,,,female,student325,0326,White,English,Arlington,US
student326,,Joe,,Hunter,,,,female,student326,0327,White,English,Arlington,US
student327,,Jean,,Mortensen,,,,female,student327,0328,White,English,Arlington,US
student328,,Tom,,Watts,,,,male,student328,0329,White,English,Arlington,US
student329,,Marta,,George,,,,male,student329,0330,White,English,Arlington,US
student330,,Nicky,,O'Doherty,,,,female,student330,0331,White,English,Arlington,US
student331,,Charles,,Ryan,,,,male,student331,0332,White,English,Arlington,US
student332,,Dick,,Edwards,,,,female,student332,0333,White,English,Arlington,US
student333,,Lotte,,Baker,,,,female,student333,0334,White,English,Arlington,US
student334,,Trevor,,Jones,,,,male,student334,0335,White,English,Arlington,US
student335,,Lea,,Vargas,,,,female,student335,0336,White,English,Arlington,US
student336,,Kayleigh,,Mercado,,,,female,student336,0337,White,English,Arlington,US
student337,,Scotty,,Phillips,,,,male,student337,0338,White,English,Arlington,US
student338,,Mario,,Beck,,,,male,student338,0339,White,English,Arlington,US
student339,,Jaclyn,,Evans,,,,female,student339,0340,White,English,Arlington,US
student340,,Albert,,Sutton,,,,male,student340,0341,White,English,Arlington,US
student341,,Rich,,Sutton,,,,female,student341,0342,White,English,Arlington,US
student342,,Margaret,,Garrett,,,,male,student342,0343,White,English,Arlington,US
student343,,Pip,,Jorgensen,,,,female,student343,0344,White,English,Arlington,US
student344,,Alejandro,,Herrera,,,,female,student344,0345,White,English,Arlington,US
student345,,Anthony,,Peterson,,,,female,student345,0346,White,English,Arlington,US
student346,,Zoe,,Moore,,,,female,student346,0347,White,English,Arlington,US
student347,,Dylan,,Hamilton,,,,male,student347,0348,White,English,Arlington,US
student348,,Joshua,,Hunter,,,,female,student348,0349,White,English,Arlington,US
student349,,Maximilian,,Dixon,,,,female,student349,0350,White,English,Arlington,US
student350,,Herb,,Foster,,,,female,student350,0351,White,English,Arlington,US
student351,,Niklas,,Larsen,,,,female,student351,0352,White,English,Arlington,US
student352,,Scottie,,Janssens,,,,female,student352,0353,White,English,Arlington,US
student353,,Lara,,"De los Santos",,,,male,student353,0354,White,English,Arlington,US
student354,,Jeffery,,Schneider,,,,female,student354,0355,White,English,Arlington,US
student355,,Sharon,,Peterson,,,,female,student355,0356,White,English,Arlington,US
student356,,Gill,,Reyes,,,,female,student356,0357,White,English,Arlington,US
student357,,Bengie,,Matthews,,,,female,student357,0358,White,English,Arlington,US
student358,,Cathy,,Williamson,,,,female,student358,0359,White,English,Arlington,US
student359,,Mathias,,Foster,,,,male,student359,0360,White,English,Arlington,US
student360,,Rick,,Fletcher,,,,female,student360,0361,White,English,Arlington,US
student361,,Isaac,,Anderson,,,,female,student361,0362,White,English,Arlington,US
student362,,Elena,,Watts,,,,female,student362,0363,White,English,Arlington,US
student363,,Jose,,Butler,,,,female,student363,0364,White,English,Arlington,US
student364,,Filip,,Arnold,,,,male,student364,0365,White,English,Arlington,US
student365,,Scotty,,Hamilton,,,,male,student365,0366,White,English,Arlington,US
student366,,Phil,,Wright,,,,female,student366,0367,White,English,Arlington,US
student367,,Drew,,Carroll,,,,male,student367,0368,White,English,Arlington,US
student368,,Drew,,Schulz,,,,male,student368,0369,White,English,Arlington,US
student369,,Elin,,Becker,,,,male,student369,0370,White,English,Arlington,US
student370,,Joey,,Lawson,,,,female,student370,0371,White,English,Arlington,US
student371,,Alvaro,,Harris,,,,female,student371,0372,White,English,Arlington,US
student372,,Annie,,Brewer,,,,male,student372,0373,White,English,Arlington,US
student373,,Ricky,,Price,,,,female,student373,0374,White,English,Arlington,US
student374,,Cameron,,Christensen,,,,female,student374,0375,White,English,Arlington,US
student375,,Dylan,,Morrison,,,,female,student375,0376,White,English,Arlington,US
student376,,Geoffery,,Boyd,,,,male,student376,0377,White,English,Arlington,US
student377,,Sherm,,Evans,,,,female,student377,0378,White,English,Arlington,US
student378,,Edward,,Harper,,,,male,student378,0379,White,English,Arlington,US
student379,,Ida,,Torres,,,,female,student379,0380,White,English,Arlington,US
student380,,Drew,,Meyer,,,,female,student380,0381,White,English,Arlington,US
student381,,Bram,,Russell,,,,male,student381,0382,White,English,Arlington,US
student382,,Jeanette,,Payne,,,,female,student382,0383,White,English,Arlington,US
student383,,Gabbie,,Curtis,,,,female,student383,0384,White,English,Arlington,US
student384,,Mads,,King,,,,female,student384,0385,White,English,Arlington,US
student385,,Manuel,,Smith,,,,female,student385,0386,White,English,Arlington,US
student386,,James,,White,,,,female,student386,0387,White,English,Arlington,US
student387,,Rick,,Willems,,,,female,student387,0388,White,English,Arlington,US
student388,,Leonie,,Christiansen,,,,male,student388,0389,White,English,Arlington,US
student389,,Ashley,,Peterson,,,,male,student389,0390,White,English,Arlington,US
student390,,Patricia,,Brewer,,,,female,student390,0391,White,English,Arlington,US
student391,,Scottie,,Dawson,,,,female,student391,0392,White,English,Arlington,US
student392,,Peggy,,Dumont,,,,female,student392,0393,White,English,Arlington,US
student393,,Jack,,Holt,,,,female,student393,0394,White,English,Arlington,US
student394,,Hugo,,Larsen,,,,female,student394,0395,White,English,Arlington,US
student395,,Kayleigh,,Mills,,,,male,student395,0396,White,English,Arlington,US
student396,,Ricky,,Robinson,,,,male,student396,0397,White,English,Arlington,US
student397,,Cian,,Willems,,,,male,student397,0398,White,English,Arlington,US
student398,,Vanessa,,Thomas,,,,female,student398,0399,White,English,Arlington,US
student399,,Kaylee,,Schmidt,,,,male,student399,0400,White,English,Arlington,US
student400,,Ted,,Schultz,,,,female,student400,0401,White,English,Arlington,US
student401,,Sophie,,Tucker,,,,female,student401,0402,White,English,Arlington,US
student402,,Pip,,Hardy,,,,male,student402,0403,White,English,Arlington,US
student403,,Mads,,Rogers,,,,female,student403,0404,White,English,Arlington,US
student404,,Mathilde,,Tucker,,,,male,student404,0405,White,English,Arlington,US
student405,,Steph,,Garrett,,,,female,student405,0406,White,English,Arlington,US
student406,,Iris,,Hart,,,,female,student406,0407,White,English,Arlington,US
student407,,Ross,,Horton,,,,male,student407,0408,White,English,Arlington,US
student408,,Hanna,,Cunningham,,,,female,student408,0409,White,English,Arlington,US
student409,,Rasmus,,Palmer,,,,male,student409,0410,White,English,Arlington,US
student410,,Liam,,Torres,,,,female,student410,0411,White,English,Arlington,US
student411,,Betty,,Santos,,,,male,student411,0412,White,English,Arlington,US
student412,,Philip,,Jimenez,,,,male,student412,0413,White,English,Arlington,US
student413,,Bill,,Weber,,,,female,student413,0414,White,English,Arlington,US
student414,,Leah,,Willems,,,,female,student414,0415,White,English,Arlington,US
student415,,Liam,,Vaughn,,,,female,student415,0416,White,English,Arlington,US
student416,,Chloe,,Boyd,,,,male,student416,0417,White,English,Arlington,US
student417,,Isak,,Anderson,,,,female,student417,0418,White,English,Arlington,US
student418,,Rolla,,Pedersen,,,,male,student418,0419,White,English,Arlington,US
student419,,Syd,,Walker,,,,male,student419,0420,White,English,Arlington,US
student420,,Sophie,,Thompson,,,,female,student420,0421,White,English,Arlington,US
student421,,Katarzyna,,Vasquez,,,,female,student421,0422,White,English,Arlington,US
student422,,Adam,,Mckinney,,,,female,student422,0423,White,English,Arlington,US
student423,,Samantha,,Gibson,,,,female,student423,0424,White,English,Arlington,US
student424,,Ivan,,Henderson,,,,female,student424,0425,White,English,Arlington,US
student425,,Sergio,,Herrera,,,,male,student425,0426,White,English,Arlington,US
student426,,Elzbieta,,Lawrence,,,,male,student426,0427,White,English,Arlington,US
student427,,Ollie,,Jenkins,,,,male,student427,0428,White,English,Arlington,US
student428,,Joe,,Wood,,,,male,student428,0429,White,English,Arlington,US
student429,,Cameron,,Pierce,,,,female,student429,0430,White,English,Arlington,US
student430,,Vanessa,,Harrison,,,,female,student430,0431,White,English,Arlington,US
student431,,Betty,,Morgan,,,,male,student431,0432,White,English,Arlington,US
student432,,Sean,,Flores,,,,female,student432,0433,White,English,Arlington,US
student433,,Lizzy,,Alvarez,,,,male,student433,0434,White,English,Arlington,US
student434,,Catharine,,Tucker,,,,female,student434,0435,White,English,Arlington,US
student435,,Lu,,Vaughn,,,,female,student435,0436,White,English,Arlington,US
student436,,Joey,,Hanson,,,,female,student436,0437,White,English,Arlington,US
student437,,Megan,,Lopez,,,,female,student437,0438,White,English,Arlington,US
student438,,Susan,,Bennett,,,,male,student438,0439,White,English,Arlington,US
student439,,Leah,,May,,,,male,student439,0440,White,English,Arlington,US
student440,,Cath,,Crawford,,,,male,student440,0441,White,English,Arlington,US
student441,,Ewa,,Morales,,,,female,student441,0442,White,English,Arlington,US
student442,,Megan,,Doyle,,,,female,student442,0443,White,English,Arlington,US
student443,,William,,O'Reilly,,,,male,student443,0444,White,English,Arlington,US
student444,,Sydney,,Davies,,,,female,student444,0445,White,English,Arlington,US
student445,,Daan,,Wells,,,,male,student445,0446,White,English,Arlington,US
student446,,Jane,,Campbell,,,,male,student446,0447,White,English,Arlington,US
student447,,Klara,,Perez,,,,male,student447,0448,White,English,Arlington,US
student448,,Emil,,Mortensen,,,,female,student448,0449,White,English,Arlington,US
student449,,Juana,,Horton,,,,female,student449,0450,White,English,Arlington,US
student450,,Georgina,,Spencer,,,,female,student450,0451,White,English,Arlington,US
student451,,Matthew,,Richards,,,,male,student451,0452,White,English,Arlington,US
student452,,Adam,,Foster,,,,female,student452,0453,White,English,Arlington,US
student453,,Lauren,,Welch,,,,female,student453,0454,White,English,Arlington,US
student454,,Carolina,,Mercado,,,,male,student454,0455,White,English,Arlington,US
student455,,Amber,,Wilson,,,,female,student455,0456,White,English,Arlington,US
student456,,Theodore,,Little,,,,female,student456,0457,White,English,Arlington,US
student457,,Drew,,Doyle,,,,female,student457,0458,White,English,Arlington,US
student458,,Sylvia,,Weaver,,,,female,student458,0459,White,English,Arlington,US
student459,,Mathias,,Sanchez,,,,male,student459,0460,White,English,Arlington,US
student460,,Christian,,Pierce,,,,female,student460,0461,White,English,Arlington,US
student461,,Sem,,Powell,,,,male,student461,0462,White,English,Arlington,US
student462,,Bengie,,Crawford,,,,female,student462,0463,White,English,Arlington,US
student463,,Ed,,Dunn,,,,female,student463,0464,White,English,Arlington,US
student464,,Trevor,,Little,,,,male,student464,0465,White,English,Arlington,US
student465,,Duncan,,Lawson,,,,male,student465,0466,White,English,Arlington,US
student466,,Rick,,Hansen,,,,female,student466,0467,White,English,Arlington,US
student467,,Sydney,,Morgan,,,,male,student467,0468,White,English,Arlington,US
student468,,Miriam,,McCarthy,,,,female,student468,0469,White,English,Arlington,US
student469,,Stanislaw,,Weber,,,,female,student469,0470,White,English,Arlington,US
student470,,Miriam,,Jennings,,,,male,student470,0471,White,English,Arlington,US
student471,,Nicolas,,Mckinney,,,,female,student471,0472,White,English,Arlington,US
student472,,Harry,,Poulsen,,,,female,student472,0473,White,English,Arlington,US
student473,,Edwyn,,Hudson,,,,male,student473,0474,White,English,Arlington,US
student474,,Marcin,,Ramos,,,,male,student474,0475,White,English,Arlington,US
student475,,Mathilde,,Watson,,,,female,student475,0476,White,English,Arlington,US
student476,,Elena,,Meyer,,,,male,student476,0477,White,English,Arlington,US
student477,,Will,,Andrews,,,,female,student477,0478,White,English,Arlington,US
student478,,Jozef,,Willis,,,,female,student478,0479,White,English,Arlington,US
student479,,Jean,,Franklin,,,,male,student479,0480,White,English,Arlington,US
student480,,Trevor,,Hoffmann,,,,male,student480,0481,White,English,Arlington,US
student481,,Maggie,,Olsen,,,,female,student481,0482,White,English,Arlington,US
student482,,Stephanie,,Young,,,,female,student482,0483,White,English,Arlington,US
student483,,Sofia,,Jackson,,,,male,student483,0484,White,English,Arlington,US
student484,,Ted,,Bennett,,,,male,student484,0485,White,English,Arlington,US
student485,,Katie,,Garza,,,,female,student485,0486,White,English,Arlington,US
student486,,Alva,,Rice,,,,female,student486,0487,White,English,Arlington,US
student487,,Sylvia,,Stewart,,,,male,student487,0488,White,English,Arlington,US
student488,,Mathias,,Fowler,,,,male,student488,0489,White,English,Arlington,US
student489,,Florian,,Lane,,,,female,student489,0490,White,English,Arlington,US
student490,,Lena,,Wells,,,,female,student490,0491,White,English,Arlington,US
student491,,Tom,,Chambers,,,,male,student491,0492,White,English,Arlington,US
student492,,Ana,,Mortensen,,,,male,student492,0493,White,English,Arlington,US
student493,,Ruth,,Sims,,,,female,student493,0494,White,English,Arlington,US
student494,,Bob,,Collins,,,,female,student494,0495,White,English,Arlington,US
student495,,Linnea,,Hamilton,,,,female,student495,0496,White,English,Arlington,US
student496,,Nerea,,Patterson,,,,female,student496,0497,White,English,Arlington,US
student497,,Mario,,Fleming,,,,male,student497,0498,White,English,Arlington,US
student498,,Hugo,,Cooper,,,,female,student498,0499,White,English,Arlington,US
student499,,Simon,,Mendez,,,,male,student499,0500,White,English,Arlington,US
student500,,Leonie,,Mcdaniel,,,,male,student500,0501,White,English,Arlington,US
student501,,Tim,,Doyle,,,,male,student501,0502,White,English,Arlington,US
student502,,Margaret,,Duncan,,,,female,student502,0503,White,English,Arlington,US
student503,,Alice,,Cohen,,,,male,student503,0504,White,English,Arlington,US
student504,,Alba,,Powell,,,,female,student504,0505,White,English,Arlington,US
student505,,Sharon,,Byrne,,,,female,student505,0506,White,English,Arlington,US
student506,,Joanne,,Byrd,,,,female,student506,0507,White,English,Arlington,US
student507,,Maggie,,O'Reilly,,,,female,student507,0508,White,English,Arlington,US
student508,,Ciara,,Knudsen,,,,male,student508,0509,White,English,Arlington,US
student509,,Harold,,Rose,,,,male,student509,0510,White,English,Arlington,US
student510,,Ruth,,Martinez,,,,female,student510,0511,White,English,Arlington,US
student511,,Maja,,Curry,,,,male,student511,0512,White,English,Arlington,US
student512,,Hank,,Turner,,,,male,student512,0513,White,English,Arlington,US
student513,,Daan,,Laurent,,,,male,student513,0514,White,English,Arlington,US
student514,,Maria,,Howard,,,,female,student514,0515,White,English,Arlington,US
student515,,Erik,,Robertson,,,,male,student515,0516,White,English,Arlington,US
student516,,Alice,,Holmes,,,,female,student516,0517,White,English,Arlington,US
student517,,Lucy,,Allen,,,,female,student517,0518,White,English,Arlington,US
student518,,Jan,,Sullivan,,,,female,student518,0519,White,English,Arlington,US
student519,,Erik,,Walsh,,,,female,student519,0520,White,English,Arlington,US
student520,,Laura,,Peters,,,,female,student520,0521,White,English,Arlington,US
student521,,Juana,,Moreno,,,,female,student521,0522,White,English,Arlington,US
student522,,Carlos,,Davidson,,,,female,student522,0523,White,English,Arlington,US
student523,,Margaret,,Dean,,,,male,student523,0524,White,English,Arlington,US
student524,,Magnus,,Daniels,,,,female,student524,0525,White,English,Arlington,US
student525,,Karin,,Matthews,,,,female,student525,0526,White,English,Arlington,US
student526,,Lincoln,,Ford,,,,female,student526,0527,White,English,Arlington,US
student527,,Dick,,Dixon,,,,male,student527,0528,White,English,Arlington,US
student528,,Lewis,,Tucker,,,,female,student528,0529,White,English,Arlington,US
student529,,Thomas,,Gonzales,,,,male,student529,0530,White,English,Arlington,US
student530,,Emily,,Jimenez,,,,female,student530,0531,White,English,Arlington,US
student531,,Herb,,Chapman,,,,female,student531,0532,White,English,Arlington,US
student532,,Vanessa,,Miller,,,,female,student532,0533,White,English,Arlington,US
student533,,Helen,,Ferguson,,,,male,student533,0534,White,English,Arlington,US
student534,,Tommy,,Byrne,,,,female,student534,0535,White,English,Arlington,US
student535,,Gill,,Carroll,,,,female,student535,0536,White,English,Arlington,US
student536,,Jace,,Bell,,,,male,student536,0537,White,English,Arlington,US
student537,,Sue,,Snyder,,,,female,student537,0538,White,English,Arlington,US
student538,,Raul,,Jensen,,,,female,student538,0539,White,English,Arlington,US
student539,,Amy,,Harvey,,,,female,student539,0540,White,English,Arlington,US
student540,,Diego,,Reid,,,,female,student540,0541,White,English,Arlington,US
student541,,Thomas,,Barnett,,,,female,student541,0542,White,English,Arlington,US
student542,,Ada,,Neal,,,,male,student542,0543,White,English,Arlington,US
student543,,Thelma,,Garcia,,,,female,student543,0544,White,English,Arlington,US
student544,,Joey,,Graves,,,,male,student544,0545,White,English,Arlington,US
student545,,Ewa,,Gibson,,,,male,student545,0546,White,English,Arlington,US
student546,,Elena,,Andrews,,,,female,student546,0547,White,English,Arlington,US
student547,,Ted,,Johansen,,,,male,student547,0548,White,English,Arlington,US
student548,,Sanne,,Laurent,,,,male,student548,0549,White,English,Arlington,US
student549,,Ana,,Davis,,,,female,student549,0550,White,English,Arlington,US
student550,,Jeanette,,Schulz,,,,female,student550,0551,White,English,Arlington,US
student551,,Sara,,Stone,,,,female,student551,0552,White,English,Arlington,US
student552,,Al,,Riley,,,,male,student552,0553,White,English,Arlington,US
student553,,Nerea,,Patterson,,,,male,student553,0554,White,English,Arlington,US
student554,,Ricky,,Romero,,,,male,student554,0555,White,English,Arlington,US
student555,,Liza,,Gutierrez,,,,male,student555,0556,White,English,Arlington,US
student556,,Nicolas,,Austin,,,,male,student556,0557,White,English,Arlington,US
student557,,Emily,,Fisher,,,,male,student557,0558,White,English,Arlington,US
student558,,Juan,,Roberts,,,,male,student558,0559,White,English,Arlington,US
student559,,Iris,,Russell,,,,female,student559,0560,White,English,Arlington,US
student560,,Henry,,Weaver,,,,male,student560,0561,White,English,Arlington,US
student561,,Wilma,,Soerensen,,,,female,student561,0562,White,English,Arlington,US
student562,,Marcin,,"De los Reyes",,,,male,student562,0563,White,English,Arlington,US
student563,,Jacob,,Chambers,,,,female,student563,0564,White,English,Arlington,US
student564,,Andrzej,,Kim,,,,female,student564,0565,White,English,Arlington,US
student565,,Daan,,Collins,,,,female,student565,0566,White,English,Arlington,US
student566,,Ann,,Silva,,,,male,student566,0567,White,English,Arlington,US
student567,,Max,,Janssens,,,,male,student567,0568,White,English,Arlington,US
student568,,Alice,,Gordon,,,,female,student568,0569,White,English,Arlington,US
student569,,Malgorzata,,Ford,,,,female,student569,0570,White,English,Arlington,US
student570,,Kaylee,,Jacobs,,,,male,student570,0571,White,English,Arlington,US
student571,,Leon,,"De los Reyes",,,,male,student571,0572,White,English,Arlington,US
student572,,Miriam,,James,,,,female,student572,0573,White,English,Arlington,US
student573,,Samantha,,Nguyen,,,,female,student573,0574,White,English,Arlington,US
student574,,Diego,,May,,,,female,student574,0575,White,English,Arlington,US
student575,,Juan,,Byrne,,,,female,student575,0576,White,English,Arlington,US
student576,,Miriam,,Boyd,,,,female,student576,0577,White,English,Arlington,US
student577,,Alice,,Douglas,,,,female,student577,0578,White,English,Arlington,US
student578,,Camilla,,Brewer,,,,male,student578,0579,White,English,Arlington,US
student579,,Nathan,,Hicks,,,,female,student579,0580,White,English,Arlington,US
student580,,Paula,,Little,,,,female,student580,0581,White,English,Arlington,US
student581,,Isaac,,Graham,,,,female,student581,0582,White,English,Arlington,US
student582,,Leonie,,Lambert,,,,male,student582,0583,White,English,Arlington,US
student583,,Julia,,Hicks,,,,male,student583,0584,White,English,Arlington,US
student584,,Bengie,,Meyer,,,,female,student584,0585,White,English,Arlington,US
student585,,Daniel,,Allen,,,,female,student585,0586,White,English,Arlington,US
student586,,Luca,,Gonzalez,,,,female,student586,0587,White,English,Arlington,US
student587,,Andrzej,,Gray,,,,female,student587,0588,White,English,Arlington,US
student588,,Adam,,Oliver,,,,female,student588,0589,White,English,Arlington,US
student589,,Benjy,,Baker,,,,male,student589,0590,White,English,Arlington,US
student590,,Scott,,Long,,,,male,student590,0591,White,English,Arlington,US
student591,,Sara,,Kim,,,,male,student591,0592,White,English,Arlington,US
student592,,Hank,,Burton,,,,male,student592,0593,White,English,Arlington,US
student593,,Oscar,,Dumont,,,,female,student593,0594,White,English,Arlington,US
student594,,Anna,,Freeman,,,,female,student594,0595,White,English,Arlington,US
student595,,Joshua,,Welch,,,,male,student595,0596,White,English,Arlington,US
student596,,Tobias,,Frazier,,,,male,student596,0597,White,English,Arlington,US
student597,,Benjamin,,Cruz,,,,male,student597,0598,White,English,Arlington,US
student598,,Dylan,,Murray,,,,male,student598,0599,White,English,Arlington,US
student599,,Liza,,Claes,,,,male,student599,0600,White,English,Arlington,US
student600,,Sylvia,,Johansen,,,,female,student600,0601,White,English,Arlington,US
student601,,Sid,,Butler,,,,female,student601,0602,White,English,Arlington,US
student602,,Cristina,,Davies,,,,female,student602,0603,White,English,Arlington,US
student603,,Philippa,,Douglas,,,,male,student603,0604,White,English,Arlington,US
student604,,Ellie,,Hernandez,,,,female,student604,0605,White,English,Arlington,US
student605,,Kay,,Chapman,,,,female,student605,0606,White,English,Arlington,US
student606,,Scotty,,Watts,,,,male,student606,0607,White,English,Arlington,US
student607,,Dick,,Mccoy,,,,male,student607,0608,White,English,Arlington,US
student608,,Frederik,,Dunn,,,,female,student608,0609,White,English,Arlington,US
student609,,Jesse,,Martin,,,,female,student609,0610,White,English,Arlington,US
student610,,Ada,,Johnson,,,,female,student610,0611,White,English,Arlington,US
student611,,Sally,,Simpson,,,,male,student611,0612,White,English,Arlington,US
student612,,Dorothy,,Watts,,,,male,student612,0613,White,English,Arlington,US
student613,,Dylan,,Newman,,,,male,student613,0614,White,English,Arlington,US
student614,,Camilla,,Gonzalez,,,,female,student614,0615,White,English,Arlington,US
student615,,Wilma,,Carlson,,,,female,student615,0616,White,English,Arlington,US
student616,,Ross,,Washington,,,,male,student616,0617,White,English,Arlington,US
student617,,Sue,,Hoffmann,,,,female,student617,0618,White,English,Arlington,US
student618,,Mike,,Neal,,,,male,student618,0619,White,English,Arlington,US
student619,,Trevor,,Byrd,,,,male,student619,0620,White,English,Arlington,US
student620,,Phil,,Levi,,,,male,student620,0621,White,English,Arlington,US
student621,,Katarzyna,,Bowman,,,,female,student621,0622,White,English,Arlington,US
student622,,Shermie,,Ramos,,,,male,student622,0623,White,English,Arlington,US
student623,,Sem,,Lane,,,,male,student623,0624,White,English,Arlington,US
student624,,Albert,,Morgan,,,,female,student624,0625,White,English,Arlington,US
student625,,Tomasz,,Poulsen,,,,female,student625,0626,White,English,Arlington,US
student626,,Manuel,,Harris,,,,male,student626,0627,White,English,Arlington,US
student627,,Andy,,Nguyen,,,,male,student627,0628,White,English,Arlington,US
student628,,Stephen,,Fowler,,,,female,student628,0629,White,English,Arlington,US
student629,,Jaclyn,,Doyle,,,,female,student629,0630,White,English,Arlington,US
student630,,Gill,,Ferguson,,,,male,student630,0631,White,English,Arlington,US
student631,,Alice,,Carpenter,,,,female,student631,0632,White,English,Arlington,US
student632,,Paul,,O'Neill,,,,female,student632,0633,White,English,Arlington,US
student633,,Kimberly,,Cole,,,,male,student633,0634,White,English,Arlington,US
student634,,Betty,,Wood,,,,female,student634,0635,White,English,Arlington,US
student635,,Francisco,,Nguyen,,,,male,student635,0636,White,English,Arlington,US
student636,,Ciara,,Walker,,,,female,student636,0637,White,English,Arlington,US
student637,,Tara,,Hardy,,,,female,student637,0638,White,English,Arlington,US
student638,,Paul,,Christensen,,,,male,student638,0639,White,English,Arlington,US
student639,,Malgorzata,,Laurent,,,,male,student639,0640,White,English,Arlington,US
student640,,Katarzyna,,Butler,,,,male,student640,0641,White,English,Arlington,US
student641,,Louise,,Richards,,,,male,student641,0642,White,English,Arlington,US
student642,,Luca,,Turner,,,,male,student642,0643,White,English,Arlington,US
student643,,Nicholas,,Payne,,,,male,student643,0644,White,English,Arlington,US
student644,,Klara,,Black,,,,female,student644,0645,White,English,Arlington,US
student645,,Jaclyn,,Austin,,,,female,student645,0646,White,English,Arlington,US
student646,,Jamie,,Alvarez,,,,female,student646,0647,White,English,Arlington,US
student647,,Emil,,Olson,,,,female,student647,0648,White,English,Arlington,US
student648,,Bob,,Rhodes,,,,male,student648,0649,White,English,Arlington,US
student649,,Ewa,,Jacobs,,,,male,student649,0650,White,English,Arlington,US
student650,,Catharine,,Nelson,,,,male,student650,0651,White,English,Arlington,US
student651,,Elzbieta,,Hernandez,,,,male,student651,0652,White,English,Arlington,US
student652,,Tim,,Leclercq,,,,male,student652,0653,White,English,Arlington,US
student653,,Emil,,Black,,,,male,student653,0654,White,English,Arlington,US
student654,,Hugo,,Meyer,,,,male,student654,0655,White,English,Arlington,US
student655,,Sophie,,Hayes,,,,male,student655,0656,White,English,Arlington,US
student656,,Richard,,Mendoza,,,,male,student656,0657,White,English,Arlington,US
student657,,Ellie,,Hunter,,,,male,student657,0658,White,English,Arlington,US
student658,,Vanessa,,Fields,,,,female,student658,0659,White,English,Arlington,US
student659,,Dorothy,,Crawford,,,,female,student659,0660,White,English,Arlington,US
student660,,Margaret,,Shelton,,,,male,student660,0661,White,English,Arlington,US
student661,,Samuel,,Kennedy,,,,male,student661,0662,White,English,Arlington,US
student662,,Alejandro,,Simmons,,,,female,student662,0663,White,English,Arlington,US
student663,,Philip,,Martinez,,,,female,student663,0664,White,English,Arlington,US
student664,,Leonie,,Shaw,,,,male,student664,0665,White,English,Arlington,US
student665,,Lucy,,Holmes,,,,female,student665,0666,White,English,Arlington,US
student666,,Isabel,,Hunt,,,,female,student666,0667,White,English,Arlington,US
student667,,Jean,,Murray,,,,male,student667,0668,White,English,Arlington,US
student668,,Adrian,,Berry,,,,male,student668,0669,White,English,Arlington,US
student669,,Edward,,Hall,,,,male,student669,0670,White,English,Arlington,US
student670,,Dorothy,,Watts,,,,female,student670,0671,White,English,Arlington,US
student671,,Ed,,Craig,,,,female,student671,0672,White,English,Arlington,US
student672,,Olivia,,Jennings,,,,male,student672,0673,White,English,Arlington,US
student673,,Sherman,,Petersen,,,,female,student673,0674,White,English,Arlington,US
student674,,Gabrielle,,Horton,,,,male,student674,0675,White,English,Arlington,US
student675,,Georgina,,Phillips,,,,female,student675,0676,White,English,Arlington,US
student676,,Fabian,,Owens,,,,female,student676,0677,White,English,Arlington,US
student677,,William,,Howard,,,,female,student677,0678,White,English,Arlington,US
student678,,Cristina,,Bowman,,,,female,student678,0679,White,English,Arlington,US
student679,,Kimmy,,Mertens,,,,male,student679,0680,White,English,Arlington,US
student680,,Joseph,,Gonzalez,,,,male,student680,0681,White,English,Arlington,US
student681,,Margarita,,Dupont,,,,female,student681,0682,White,English,Arlington,US
student682,,Sally,,Fields,,,,female,student682,0683,White,English,Arlington,US
student683,,Kaylee,,Mitchell,,,,male,student683,0684,White,English,Arlington,US
student684,,Rob,,Nichols,,,,female,student684,0685,White,English,Arlington,US
student685,,Jesse,,Hamilton,,,,male,student685,0686,White,English,Arlington,US
student686,,Emily,,Woods,,,,female,student686,0687,White,English,Arlington,US
student687,,Ryan,,Gomez,,,,female,student687,0688,White,English,Arlington,US
student688,,Erin,,Hunter,,,,male,student688,0689,White,English,Arlington,US
student689,,Charlotte,,Day,,,,female,student689,0690,White,English,Arlington,US
student690,,Ryan,,Gonzales,,,,female,student690,0691,White,English,Arlington,US
student691,,Ollie,,Vasquez,,,,male,student691,0692,White,English,Arlington,US
student692,,Rob,,Weber,,,,female,student692,0693,White,English,Arlington,US
student693,,Jaclyn,,Knudsen,,,,female,student693,0694,White,English,Arlington,US
student694,,Jorge,,Chapman,,,,female,student694,0695,White,English,Arlington,US
student695,,Ada,,O'Connor,,,,male,student695,0696,White,English,Arlington,US
student696,,Elizabeth,,Ward,,,,female,student696,0697,White,English,Arlington,US
student697,,Edwyn,,"De los Reyes",,,,female,student697,0698,White,English,Arlington,US
student698,,Femke,,Carr,,,,male,student698,0699,White,English,Arlington,US
student699,,Caitlin,,Herrera,,,,female,student699,0700,White,English,Arlington,US
student700,,Alba,,Powell,,,,male,student700,0701,White,English,Arlington,US
student701,,Zoe,,Palmer,,,,male,student701,0702,White,English,Arlington,US
student702,,Francisco,,Carlson,,,,male,student702,0703,White,English,Arlington,US
student703,,Lotte,,Stevens,,,,female,student703,0704,White,English,Arlington,US
student704,,Marty,,Fuller,,,,male,student704,0705,White,English,Arlington,US
student705,,Krystyna,,Hansen,,,,male,student705,0706,White,English,Arlington,US
student706,,Anton,,Hernandez,,,,male,student706,0707,White,English,Arlington,US
student707,,Lucas,,Leclercq,,,,female,student707,0708,White,English,Arlington,US
student708,,Alvaro,,Parks,,,,female,student708,0709,White,English,Arlington,US
student709,,Lukas,,Owens,,,,male,student709,0710,White,English,Arlington,US
student710,,Herb,,Hoffman,,,,male,student710,0711,White,English,Arlington,US
student711,,Jean,,Carr,,,,male,student711,0712,White,English,Arlington,US
student712,,Alice,,Jimenez,,,,male,student712,0713,White,English,Arlington,US
student713,,Elin,,Graves,,,,female,student713,0714,White,English,Arlington,US
student714,,Anna,,Pearson,,,,female,student714,0715,White,English,Arlington,US
student715,,Jim,,Martin,,,,female,student715,0716,White,English,Arlington,US
student716,,Andrzej,,Cohen,,,,female,student716,0717,White,English,Arlington,US
student717,,Femke,,Lim,,,,male,student717,0718,White,English,Arlington,US
student718,,Louise,,Gilbert,,,,male,student718,0719,White,English,Arlington,US
student719,,Diego,,Burton,,,,male,student719,0720,White,English,Arlington,US
student720,,Frederik,,Snyder,,,,female,student720,0721,White,English,Arlington,US
student721,,Ed,,Watkins,,,,female,student721,0722,White,English,Arlington,US
student722,,Al,,Coleman,,,,male,student722,0723,White,English,Arlington,US
student723,,Benjy,,Gardner,,,,female,student723,0724,White,English,Arlington,US
student724,,Philippa,,Gallagher,,,,female,student724,0725,White,English,Arlington,US
student725,,Pawel,,Holmes,,,,female,student725,0726,White,English,Arlington,US
student726,,Phil,,Stanley,,,,male,student726,0727,White,English,Arlington,US
student727,,Marcin,,Howell,,,,female,student727,0728,White,English,Arlington,US
student728,,Laura,,Martinez,,,,female,student728,0729,White,English,Arlington,US
student729,,Stanislaw,,Roberts,,,,male,student729,0730,White,English,Arlington,US
student730,,Eleanor,,Day,,,,female,student730,0731,White,English,Arlington,US
student731,,Cristian,,Schulz,,,,male,student731,0732,White,English,Arlington,US
student732,,Iris,,Hansen,,,,female,student732,0733,White,English,Arlington,US
student733,,Karen,,Steele,,,,female,student733,0734,White,English,Arlington,US
student734,,Ann,,Dubois,,,,male,student734,0735,White,English,Arlington,US
student735,,Viktor,,Dunn,,,,male,student735,0736,White,English,Arlington,US
student736,,Sally,,Santos,,,,female,student736,0737,White,English,Arlington,US
student737,,Ashley,,Barnett,,,,male,student737,0738,White,English,Arlington,US
student738,,Samuel,,Dunn,,,,male,student738,0739,White,English,Arlington,US
student739,,Vanessa,,Bush,,,,female,student739,0740,White,English,Arlington,US
student740,,Kimberly,,Mitchell,,,,male,student740,0741,White,English,Arlington,US
student741,,Dorothy,,Petersen,,,,female,student741,0742,White,English,Arlington,US
student742,,Ross,,Torres,,,,female,student742,0743,White,English,Arlington,US
student743,,Nick,,Ramos,,,,female,student743,0744,White,English,Arlington,US
student744,,Javier,,Simmons,,,,male,student744,0745,White,English,Arlington,US
student745,,Olivia,,Coleman,,,,male,student745,0746,White,English,Arlington,US
student746,,Adam,,Frazier,,,,female,student746,0747,White,English,Arlington,US
student747,,Margaret,,Rose,,,,male,student747,0748,White,English,Arlington,US
student748,,Sophia,,Reyes,,,,male,student748,0749,White,English,Arlington,US
student749,,Aoife,,Bush,,,,male,student749,0750,White,English,Arlington,US
student750,,Joseph,,Carroll,,,,female,student750,0751,White,English,Arlington,US
student751,,Freja,,Boyd,,,,male,student751,0752,White,English,Arlington,US
student752,,Lisa,,Ramos,,,,female,student752,0753,White,English,Arlington,US
student753,,Sem,,Cruz,,,,male,student753,0754,White,English,Arlington,US
student754,,Florian,,Riley,,,,female,student754,0755,White,English,Arlington,US
student755,,Leah,,Jorgensen,,,,female,student755,0756,White,English,Arlington,US
student756,,Chuck,,Olsen,,,,male,student756,0757,White,English,Arlington,US
student757,,Marek,,Shaw,,,,female,student757,0758,White,English,Arlington,US
student758,,Lisa,,Steele,,,,female,student758,0759,White,English,Arlington,US
student759,,Marta,,Dixon,,,,female,student759,0760,White,English,Arlington,US
student760,,Sem,,Marshall,,,,male,student760,0761,White,English,Arlington,US
student761,,Duncan,,Norris,,,,female,student761,0762,White,English,Arlington,US
student762,,Dylan,,Montgomery,,,,male,student762,0763,White,English,Arlington,US
student763,,Wilma,,Wagner,,,,male,student763,0764,White,English,Arlington,US
student764,,Elizabeth,,Reid,,,,male,student764,0765,White,English,Arlington,US
student765,,Anton,,Sullivan,,,,male,student765,0766,White,English,Arlington,US
student766,,Javier,,Jackson,,,,male,student766,0767,White,English,Arlington,US
student767,,Manuel,,Reed,,,,female,student767,0768,White,English,Arlington,US
student768,,Steve,,Becker,,,,male,student768,0769,White,English,Arlington,US
student769,,David,,McCarthy,,,,female,student769,0770,White,English,Arlington,US
student770,,Dorothy,,Simon,,,,female,student770,0771,White,English,Arlington,US
student771,,Rolla,,Madsen,,,,male,student771,0772,White,English,Arlington,US
student772,,Duncan,,Little,,,,male,student772,0773,White,English,Arlington,US
student773,,Catherine,,Wallace,,,,male,student773,0774,White,English,Arlington,US
student774,,Klara,,Stevens,,,,female,student774,0775,White,English,Arlington,US
student775,,Ainhoa,,Holland,,,,female,student775,0776,White,English,Arlington,US
student776,,Femke,,Fields,,,,female,student776,0777,White,English,Arlington,US
student777,,Florian,,Quinn,,,,female,student777,0778,White,English,Arlington,US
student778,,Julian,,Richardson,,,,male,student778,0779,White,English,Arlington,US
student779,,Mikkel,,Matthews,,,,male,student779,0780,White,English,Arlington,US
student780,,Leon,,Thomas,,,,male,student780,0781,White,English,Arlington,US
student781,,Ida,,Gutierrez,,,,female,student781,0782,White,English,Arlington,US
student782,,Lucille,,Day,,,,female,student782,0783,White,English,Arlington,US
student783,,Hugo,,Little,,,,male,student783,0784,White,English,Arlington,US
student784,,Alice,,Byrne,,,,male,student784,0785,White,English,Arlington,US
student785,,Nick,,Brown,,,,female,student785,0786,White,English,Arlington,US
student786,,Trevor,,Robinson,,,,male,student786,0787,White,English,Arlington,US
student787,,Lara,,Carroll,,,,male,student787,0788,White,English,Arlington,US
student788,,Pawel,,Bradley,,,,female,student788,0789,White,English,Arlington,US
student789,,Izzy,,Pierce,,,,male,student789,0790,White,English,Arlington,US
student790,,Filip,,Shelton,,,,male,student790,0791,White,English,Arlington,US
student791,,Bob,,Herrera,,,,female,student791,0792,White,English,Arlington,US
student792,,Simon,,Gordon,,,,female,student792,0793,White,English,Arlington,US
student793,,Ainhoa,,Wilson,,,,female,student793,0794,White,English,Arlington,US
student794,,Emma,,Anderson,,,,female,student794,0795,White,English,Arlington,US
student795,,Javier,,"De la Cruz",,,,female,student795,0796,White,English,Arlington,US
student796,,Martin,,Lynch,,,,male,student796,0797,White,English,Arlington,US
student797,,Shermie,,Walker,,,,female,student797,0798,White,English,Arlington,US
student798,,Henry,,Lee,,,,male,student798,0799,White,English,Arlington,US
student799,,Julian,,Harper,,,,female,student799,0800,White,English,Arlington,US
student800,,Isaac,,Spencer,,,,male,student800,0801,White,English,Arlington,US
student801,,Jaclyn,,Wright,,,,male,student801,0802,White,English,Arlington,US
student802,,Richard,,Franklin,,,,female,student802,0803,White,English,Arlington,US
student803,,Isaac,,Claes,,,,male,student803,0804,White,English,Arlington,US
student804,,Zoe,,Brooks,,,,female,student804,0805,White,English,Arlington,US
student805,,Zoe,,Johnson,,,,female,student805,0806,White,English,Arlington,US
student806,,Eleanor,,Carr,,,,female,student806,0807,White,English,Arlington,US
student807,,Richard,,George,,,,male,student807,0808,White,English,Arlington,US
student808,,Ryan,,Maes,,,,male,student808,0809,White,English,Arlington,US
student809,,Sharon,,Kristensen,,,,male,student809,0810,White,English,Arlington,US
student810,,Alexander,,Hunt,,,,male,student810,0811,White,English,Arlington,US
student811,,Camilla,,Campbell,,,,female,student811,0812,White,English,Arlington,US
student812,,Hannah,,Flores,,,,female,student812,0813,White,English,Arlington,US
student813,,Marcin,,Fletcher,,,,male,student813,0814,White,English,Arlington,US
student814,,Charles,,Pearson,,,,male,student814,0815,White,English,Arlington,US
student815,,Gillian,,Wood,,,,male,student815,0816,White,English,Arlington,US
student816,,Elzbieta,,Cohen,,,,female,student816,0817,White,English,Arlington,US
student817,,Jacob,,Simmons,,,,male,student817,0818,White,English,Arlington,US
student818,,Marty,,Stanley,,,,male,student818,0819,White,English,Arlington,US
student819,,Charles,,Shaw,,,,female,student819,0820,White,English,Arlington,US
student820,,Nathan,,Terry,,,,female,student820,0821,White,English,Arlington,US
student821,,Megan,,Gonzales,,,,female,student821,0822,White,English,Arlington,US
student822,,Jose,,Dupont,,,,female,student822,0823,White,English,Arlington,US
student823,,Maria,,Marshall,,,,male,student823,0824,White,English,Arlington,US
student824,,John,,Curtis,,,,male,student824,0825,White,English,Arlington,US
student825,,Willy,,Herrera,,,,male,student825,0826,White,English,Arlington,US
student826,,Tobias,,Richardson,,,,female,student826,0827,White,English,Arlington,US
student827,,Betty,,Tucker,,,,female,student827,0828,White,English,Arlington,US
student828,,Jozef,,Olson,,,,female,student828,0829,White,English,Arlington,US
student829,,Hiram,,Santiago,,,,male,student829,0830,White,English,Arlington,US
student830,,Ryan,,Craig,,,,male,student830,0831,White,English,Arlington,US
student831,,Emma,,Wagner,,,,female,student831,0832,White,English,Arlington,US
student832,,Andrea,,Santiago,,,,male,student832,0833,White,English,Arlington,US
student833,,Kimmy,,Shaw,,,,female,student833,0834,White,English,Arlington,US
student834,,Sanne,,Parker,,,,male,student834,0835,White,English,Arlington,US
student835,,Jace,,Tan,,,,male,student835,0836,White,English,Arlington,US
student836,,Louise,,Carlson,,,,male,student836,0837,White,English,Arlington,US
student837,,Pablo,,West,,,,male,student837,0838,White,English,Arlington,US
student838,,Louise,,Holmes,,,,female,student838,0839,White,English,Arlington,US
student839,,Annie,,George,,,,female,student839,0840,White,English,Arlington,US
student840,,Godfrey,,Butler,,,,male,student840,0841,White,English,Arlington,US
student841,,Matthew,,Castro,,,,male,student841,0842,White,English,Arlington,US
student842,,Isabelle,,Rice,,,,male,student842,0843,White,English,Arlington,US
student843,,Olivia,,Jones,,,,female,student843,0844,White,English,Arlington,US
student844,,Charles,,George,,,,male,student844,0845,White,English,Arlington,US
student845,,Sue,,Weber,,,,female,student845,0846,White,English,Arlington,US
student846,,Lara,,Hawkins,,,,male,student846,0847,White,English,Arlington,US
student847,,Bill,,Larsen,,,,female,student847,0848,White,English,Arlington,US
student848,,Herb,,Laurent,,,,female,student848,0849,White,English,Arlington,US
student849,,Vanessa,,Byrne,,,,female,student849,0850,White,English,Arlington,US
student850,,Henry,,Foster,,,,female,student850,0851,White,English,Arlington,US
student851,,Lu,,Frazier,,,,male,student851,0852,White,English,Arlington,US
student852,,Dorothy,,Schmidt,,,,female,student852,0853,White,English,Arlington,US
student853,,Maja,,Crawford,,,,male,student853,0854,White,English,Arlington,US
student854,,Sem,,Rodriquez,,,,female,student854,0855,White,English,Arlington,US
student855,,Tim,,Hunter,,,,female,student855,0856,White,English,Arlington,US
student856,,Cathy,,Hall,,,,female,student856,0857,White,English,Arlington,US
student857,,Alejandro,,Olson,,,,female,student857,0858,White,English,Arlington,US
student858,,Herb,,Rodriguez,,,,female,student858,0859,White,English,Arlington,US
student859,,Camila,,Duncan,,,,male,student859,0860,White,English,Arlington,US
student860,,Aoife,,Jordan,,,,male,student860,0861,White,English,Arlington,US
student861,,Anna,,Hall,,,,female,student861,0862,White,English,Arlington,US
student862,,Oscar,,Ortiz,,,,male,student862,0863,White,English,Arlington,US
student863,,Lea,,Morales,,,,male,student863,0864,White,English,Arlington,US
student864,,Claudia,,Lawson,,,,female,student864,0865,White,English,Arlington,US
student865,,Maja,,Franklin,,,,male,student865,0866,White,English,Arlington,US
student866,,Caroline,,Wood,,,,male,student866,0867,White,English,Arlington,US
student867,,Jace,,Mason,,,,female,student867,0868,White,English,Arlington,US
student868,,Bram,,Diaz,,,,female,student868,0869,White,English,Arlington,US
student869,,Maximilian,,Martinez,,,,male,student869,0870,White,English,Arlington,US
student870,,Matt,,Wells,,,,male,student870,0871,White,English,Arlington,US
student871,,Christian,,Bates,,,,female,student871,0872,White,English,Arlington,US
student872,,Max,,Thompson,,,,female,student872,0873,White,English,Arlington,US
student873,,Pedro,,O'Neill,,,,male,student873,0874,White,English,Arlington,US
student874,,Wilma,,Dunn,,,,female,student874,0875,White,English,Arlington,US
student875,,Chuck,,Black,,,,female,student875,0876,White,English,Arlington,US
student876,,Christian,,Scott,,,,female,student876,0877,White,English,Arlington,US
student877,,Peg,,Barnett,,,,male,student877,0878,White,English,Arlington,US
student878,,Lena,,Lim,,,,female,student878,0879,White,English,Arlington,US
student879,,Liza,,Little,,,,male,student879,0880,White,English,Arlington,US
student880,,Jane,,Curtis,,,,male,student880,0881,White,English,Arlington,US
student881,,Peter,,Hansen,,,,male,student881,0882,White,English,Arlington,US
student882,,Al,,Woods,,,,male,student882,0883,White,English,Arlington,US
student883,,Tara,,Torres,,,,male,student883,0884,White,English,Arlington,US
student884,,Lu,,Smith,,,,female,student884,0885,White,English,Arlington,US
student885,,Jacob,,Long,,,,male,student885,0886,White,English,Arlington,US
student886,,Phil,,Tucker,,,,female,student886,0887,White,English,Arlington,US
student887,,Hugo,,Byrne,,,,female,student887,0888,White,English,Arlington,US
student888,,Rob,,Scott,,,,female,student888,0889,White,English,Arlington,US
student889,,Susan,,Pedersen,,,,female,student889,0890,White,English,Arlington,US
student890,,Zoe,,Poulsen,,,,female,student890,0891,White,English,Arlington,US
student891,,Kay,,Russell,,,,female,student891,0892,White,English,Arlington,US
student892,,Hugo,,Morales,,,,male,student892,0893,White,English,Arlington,US
student893,,Katharina,,Grant,,,,male,student893,0894,White,English,Arlington,US
student894,,Carla,,Pierce,,,,male,student894,0895,White,English,Arlington,US
student895,,Marcin,,Spencer,,,,female,student895,0896,White,English,Arlington,US
student896,,Cameron,,Laurent,,,,male,student896,0897,White,English,Arlington,US
student897,,Lotte,,Stone,,,,male,student897,0898,White,English,Arlington,US
student898,,Anthony,,Kim,,,,female,student898,0899,White,English,Arlington,US
student899,,Lara,,Greene,,,,male,student899,0900,White,English,Arlington,US
student900,,Joe,,Carpenter,,,,female,student900,0901,White,English,Arlington,US
student901,,Femke,,Nguyen,,,,male,student901,0902,White,English,Arlington,US
student902,,Lucia,,Tucker,,,,female,student902,0903,White,English,Arlington,US
student903,,Gabrielle,,Boyd,,,,female,student903,0904,White,English,Arlington,US
student904,,Rob,,Frazier,,,,female,student904,0905,White,English,Arlington,US
student905,,Hiram,,Moore,,,,male,student905,0906,White,English,Arlington,US
student906,,Edwyn,,Burke,,,,male,student906,0907,White,English,Arlington,US
student907,,Philippa,,Woods,,,,male,student907,0908,White,English,Arlington,US
student908,,Fabian,,Garcia,,,,female,student908,0909,White,English,Arlington,US
student909,,Richard,,Gregory,,,,female,student909,0910,White,English,Arlington,US
student910,,Julian,,Schultz,,,,female,student910,0911,White,English,Arlington,US
student911,,Jamie,,Bush,,,,male,student911,0912,White,English,Arlington,US
student912,,Gabrielle,,Bennett,,,,male,student912,0913,White,English,Arlington,US
student913,,Rachel,,Green,,,,male,student913,0914,White,English,Arlington,US
student914,,Tony,,Hopkins,,,,male,student914,0915,White,English,Arlington,US
student915,,Malgorzata,,Foster,,,,male,student915,0916,White,English,Arlington,US
student916,,Elizabeth,,Elliott,,,,male,student916,0917,White,English,Arlington,US
student917,,Leah,,Morales,,,,male,student917,0918,White,English,Arlington,US
student918,,Sergio,,Burke,,,,male,student918,0919,White,English,Arlington,US
student919,,Vanessa,,Willis,,,,male,student919,0920,White,English,Arlington,US
student920,,Julia,,Peters,,,,female,student920,0921,White,English,Arlington,US
student921,,James,,Torres,,,,male,student921,0922,White,English,Arlington,US
student922,,Andrew,,Kennedy,,,,female,student922,0923,White,English,Arlington,US
student923,,Lewis,,Greene,,,,male,student923,0924,White,English,Arlington,US
student924,,Manuel,,Clark,,,,male,student924,0925,White,English,Arlington,US
student925,,Tom,,Hall,,,,male,student925,0926,White,English,Arlington,US
student926,,Andrew,,Richards,,,,female,student926,0927,White,English,Arlington,US
student927,,Jean,,Elliott,,,,male,student927,0928,White,English,Arlington,US
student928,,Niklas,,Turner,,,,male,student928,0929,White,English,Arlington,US
student929,,Sophie,,Gibson,,,,female,student929,0930,White,English,Arlington,US
student930,,Gabbie,,Larsen,,,,female,student930,0931,White,English,Arlington,US
student931,,Filip,,Simon,,,,female,student931,0932,White,English,Arlington,US
student932,,Kimberly,,Harris,,,,female,student932,0933,White,English,Arlington,US
student933,,Jaclyn,,Hunt,,,,female,student933,0934,White,English,Arlington,US
student934,,George,,Walsh,,,,female,student934,0935,White,English,Arlington,US
student935,,Niklas,,Brown,,,,male,student935,0936,White,English,Arlington,US
student936,,Femke,,Wouters,,,,male,student936,0937,White,English,Arlington,US
student937,,Miriam,,Morales,,,,male,student937,0938,White,English,Arlington,US
student938,,Steve,,Barker,,,,male,student938,0939,White,English,Arlington,US
student939,,Zofia,,Cox,,,,male,student939,0940,White,English,Arlington,US
student940,,Rolla,,Jenkins,,,,male,student940,0941,White,English,Arlington,US
student941,,Theodore,,Jacobs,,,,female,student941,0942,White,English,Arlington,US
student942,,Jill,,Griffin,,,,male,student942,0943,White,English,Arlington,US
student943,,Ben,,Sanchez,,,,male,student943,0944,White,English,Arlington,US
student944,,Elizabeth,,Carter,,,,female,student944,0945,White,English,Arlington,US
student945,,Jonas,,Morris,,,,male,student945,0946,White,English,Arlington,US
student946,,Daan,,Burke,,,,male,student946,0947,White,English,Arlington,US
student947,,Patricia,,Cunningham,,,,male,student947,0948,White,English,Arlington,US
student948,,Dave,,Owens,,,,female,student948,0949,White,English,Arlington,US
student949,,George,,Morales,,,,female,student949,0950,White,English,Arlington,US
student950,,Duncan,,Schultz,,,,male,student950,0951,White,English,Arlington,US
student951,,Helen,,Curtis,,,,female,student951,0952,White,English,Arlington,US
student952,,Sammy,,Woods,,,,female,student952,0953,White,English,Arlington,US
student953,,Mary,,Perry,,,,female,student953,0954,White,English,Arlington,US
student954,,Liza,,Montgomery,,,,male,student954,0955,White,English,Arlington,US
student955,,Rosa,,Fox,,,,male,student955,0956,White,English,Arlington,US
student956,,Sue,,Webb,,,,male,student956,0957,White,English,Arlington,US
student957,,Steve,,Shelton,,,,female,student957,0958,White,English,Arlington,US
student958,,Ricky,,Turner,,,,female,student958,0959,White,English,Arlington,US
student959,,Jozef,,Mitchell,,,,male,student959,0960,White,English,Arlington,US
student960,,Jessica,,Arnold,,,,female,student960,0961,White,English,Arlington,US
student961,,Carolina,,Mcdonald,,,,male,student961,0962,White,English,Arlington,US
student962,,Gillian,,Crawford,,,,female,student962,0963,White,English,Arlington,US
student963,,Piotr,,Ray,,,,male,student963,0964,White,English,Arlington,US
student964,,Madison,,Gregory,,,,female,student964,0965,White,English,Arlington,US
student965,,Caitlin,,Williams,,,,female,student965,0966,White,English,Arlington,US
student966,,Sam,,Holland,,,,female,student966,0967,White,English,Arlington,US
student967,,Sylvia,,Edwards,,,,female,student967,0968,White,English,Arlington,US
student968,,Patricia,,Mitchell,,,,female,student968,0969,White,English,Arlington,US
student969,,Iris,,Grant,,,,male,student969,0970,White,English,Arlington,US
student970,,Herb,,Porter,,,,female,student970,0971,White,English,Arlington,US
student971,,Matt,,Maes,,,,female,student971,0972,White,English,Arlington,US
student972,,Alexis,,Walker,,,,female,student972,0973,White,English,Arlington,US
student973,,Nick,,Day,,,,male,student973,0974,White,English,Arlington,US
student974,,George,,Weber,,,,female,student974,0975,White,English,Arlington,US
student975,,Ada,,Madsen,,,,male,student975,0976,White,English,Arlington,US
student976,,Lauren,,Ferguson,,,,male,student976,0977,White,English,Arlington,US
student977,,Izzy,,Hernandez,,,,female,student977,0978,White,English,Arlington,US
student978,,David,,Austin,,,,female,student978,0979,White,English,Arlington,US
student979,,Ricky,,Norris,,,,female,student979,0980,White,English,Arlington,US
student980,,Conor,,Thomsen,,,,male,student980,0981,White,English,Arlington,US
student981,,Lucille,,Watson,,,,female,student981,0982,White,English,Arlington,US
student982,,Amber,,Simpson,,,,female,student982,0983,White,English,Arlington,US
student983,,Andrew,,Rasmussen,,,,male,student983,0984,White,English,Arlington,US
student984,,Cathy,,Reyes,,,,female,student984,0985,White,English,Arlington,US
student985,,Ed,,Thomas,,,,female,student985,0986,White,English,Arlington,US
student986,,Jill,,Gordon,,,,female,student986,0987,White,English,Arlington,US
student987,,Andrzej,,Stanley,,,,female,student987,0988,White,English,Arlington,US
student988,,Javier,,Rose,,,,male,student988,0989,White,English,Arlington,US
student989,,Tobias,,Dean,,,,female,student989,0990,White,English,Arlington,US
student990,,Michael,,Black,,,,male,student990,0991,White,English,Arlington,US
student991,,Stephen,,Hughes,,,,male,student991,0992,White,English,Arlington,US
student992,,Isabelle,,King,,,,female,student992,0993,White,English,Arlington,US
student993,,Ross,,Sanders,,,,male,student993,0994,White,English,Arlington,US
student994,,Lea,,Andrews,,,,male,student994,0995,White,English,Arlington,US
student995,,Elzbieta,,Gardner,,,,female,student995,0996,White,English,Arlington,US
student996,,Tommy,,Riley,,,,female,student996,0997,White,English,Arlington,US
student997,,Jaclyn,,Vaughn,,,,male,student997,0998,White,English,Arlington,US
student998,,Conor,,Barnett,,,,female,student998,0999,White,English,Arlington,US
student999,,Juan,,Curtis,,,,female,student999,1000,White,English,Arlington,US
teacher000,,Lu,,Russell,,,,,teacher000,,,,,
teacher001,,Nathan,,Alvarez,,,,,teacher001,,,,,
teacher002,,Sophia,,Castro,,,,,teacher002,,,,,
teacher003,,Zofia,,Leclercq,,,,,teacher003,,,,,
teacher004,,Will,,"De los Santos",,,,,teacher004,,,,,
teacher005,,Lewis,,Pena,,,,,teacher005,,,,,
teacher006,,Florian,,Mitchell,,,,,teacher006,,,,,
teacher007,,Hank,,Anderson,,,,,teacher007,,,,,
teacher008,,Ellie,,Harper,,,,,teacher008,,,,,
teacher009,,Lucille,,Gomez,,,,,teacher009,,,,,
teacher010,,Isabel,,Walsh,,,,,teacher010,,,,,
teacher011,,Herbert,,Dawson,,,,,teacher011,,,,,
teacher012,,Andrea,,Marshall,,,,,teacher012,,,,,
teacher013,,Syd,,Montgomery,,,,,teacher013,,,,,
teacher014,,Sharon,,Hayes,,,,,teacher014,,,,,
teacher015,,Victor,,Daniels,,,,,teacher015,,,,,
teacher016,,Bill,,Horton,,,,,teacher016,,,,,
teacher017,,Emily,,Carpenter,,,,,teacher017,,,,,
teacher018,,Jorge,,Chambers,,,,,teacher018,,,,,
teacher019,,Lucille,,Sims,,,,,teacher019,,,,,
teacher020,,Sofia,,Hansen,,,,,teacher020,,,,,
teacher021,,Bert,,Spencer,,,,,teacher021,,,,,
teacher022,,Piotr,,Lucas,,,,,teacher022,,,,,
teacher023,,Alejandro,,Davies,,,,,teacher023,,,,,
teacher024,,Cecilie,,Walsh,,,,,teacher024,,,,,
teacher025,,Edward,,Romero,,,,,teacher025,,,,,
teacher026,,Scott,,Bennett,,,,,teacher026,,,,,
teacher027,,Elena,,Weaver,,,,,teacher027,,,,,
teacher028,,Marie,,Mitchell,,,,,teacher028,,,,,
teacher029,,Peter,,Weaver,,,,,teacher029,,,,,
teacher030,,Magnus,,Stephens,,,,,teacher030,,,,,
teacher031,,Cristian,,Simpson,,,,,teacher031,,,,,
teacher032,,Rob,,"De la Cruz",,,,,teacher032,,,,,
teacher033,,Sharon,,Payne,,,,,teacher033,,,,,
teacher034,,Daan,,Diaz,,,,,teacher034,,,,,
teacher035,,Pete,,Alexander,,,,,teacher035,,,,,
teacher036,,Susan,,Walker,,,,,teacher036,,,,,
teacher037,,Marta,,Weaver,,,,,teacher037,,,,,
teacher038,,Sid,,Bennett,,,,,teacher038,,,,,
teacher039,,Leah,,Barrett,,,,,teacher039,,,,,
teacher040,,Gill,,Powers,,,,,teacher040,,,,,
teacher041,,Jean,,Norris,,,,,teacher041,,,,,
teacher042,,Christian,,Romero,,,,,teacher042,,,,,
teacher043,,Jo,,Santiago,,,,,teacher043,,,,,
teacher044,,Niklas,,Levi,,,,,teacher044,,,,,
teacher045,,Katharina,,O'Sullivan,,,,,teacher045,,,,,
teacher046,,Helen,,Knudsen,,,,,teacher046,,,,,
teacher047,,Amber,,Goossens,,,,,teacher047,,,,,
